country,region_id,authority_id,auth_name_e,old_park_id,new_park_id,park_offical_id
England,E12000005,E07000218,North Warwickshire,NORWA_2f68bbe744ba,63bb7cfb8d3f,NORWA_0
England,E12000005,E07000218,North Warwickshire,NORWA_ccb99a57a87e;NORWA_10d8665cf5ab,af345841e498,NORWA_1
England,E12000005,E07000218,North Warwickshire,NORWA_c4825cf93aff,613278373451,NORWA_2
England,E12000005,E07000218,North Warwickshire,NORWA_dab2f2a1790a,b4f15f0f8f6a,NORWA_3
England,E12000005,E07000218,North Warwickshire,NORWA_3420749622cb;NORWA_f0dec5d7d595;NORWA_f2127b814f0a,f22257f30f5b,NORWA_4
England,E12000005,E07000218,North Warwickshire,NORWA_6081effb4044;NORWA_7676d8575834,8f6fec0fa8f6,NORWA_5
England,E12000005,E07000218,North Warwickshire,NORWA_ccf84b5ec4cc;NORWA_be6075e14f1c,622164e6bdbe,NORWA_6
England,E12000005,E07000218,North Warwickshire,NORWA_26ee0788b7a6;NORWA_5f827b209f1d,6b3a8fee3340,NORWA_7
England,E12000005,E07000218,North Warwickshire,NORWA_67af67915084,815a027ef086,NORWA_8
England,E12000005,E07000218,North Warwickshire,NORWA_e3c38748d9c1,d1d9cb332286,NORWA_9
England,E12000005,E07000218,North Warwickshire,NORWA_5378df8eb624,a07831aef6f2,NORWA_10
England,E12000005,E07000218,North Warwickshire,NORWA_69f72caa9c92,1e4ebd20de92,NORWA_11
England,E12000005,E07000218,North Warwickshire,NORWA_125f80a4c484,19b16f532fe3,NORWA_12
England,E12000005,E07000218,North Warwickshire,NORWA_caf43c06e2ce,c5199c6b44cb,NORWA_13
England,E12000005,E07000218,North Warwickshire,NORWA_9900650e429d,47c9209febef,NORWA_14
England,E12000005,E07000218,North Warwickshire,NORWA_4dde35258586,62a0696591e2,NORWA_15
England,E12000005,E07000218,North Warwickshire,NORWA_cc0b62ab87b8,1388b0609d3f,NORWA_16
England,E12000005,E07000218,North Warwickshire,NORWA_6f5c240c6e51,7f6e1863d96f,NORWA_17
England,E12000005,E07000218,North Warwickshire,NORWA_a77d31e26c74,26334fcb927a,NORWA_18
England,E12000005,E07000218,North Warwickshire,NORWA_262c7acb7ad9,f5d8db6b8cbe,NORWA_19
England,E12000005,E07000218,North Warwickshire,NORWA_5c159313f64d,c183c1be7021,NORWA_20
England,E12000005,E07000218,North Warwickshire,NORWA_f945f6bfe2b7,fd9adda8955a,NORWA_21
England,E12000005,E07000218,North Warwickshire,NORWA_7a60b6bfe042,a3cdc9a1d524,NORWA_22
England,E12000005,E07000218,North Warwickshire,NORWA_3deb79ce9fc3,1ba1805c8345,NORWA_23
England,E12000005,E07000218,North Warwickshire,NORWA_21c937951ec3,e28e81dbebcb,NORWA_24
England,E12000005,E07000218,North Warwickshire,NORWA_06fcaaade6d3,97464305cb31,NORWA_25
England,E12000005,E07000218,North Warwickshire,NORWA_70dec0922015,21db65e0bd53,NORWA_26
England,E12000005,E07000218,North Warwickshire,NORWA_fb5cbf8cd217,ec6d07ef43dd,NORWA_27
England,E12000005,E07000218,North Warwickshire,NORWA_272b4dd81007,99bbe3c6e5de,NORWA_28
England,E12000005,E07000218,North Warwickshire,NORWA_c9879348507a,401125f051af,NORWA_29
England,E12000005,E07000218,North Warwickshire,NORWA_6dee1524b055,1703926a58ff,NORWA_30
England,E12000005,E07000218,North Warwickshire,NORWA_243fba355c82,66f23f3b2b4c,NORWA_31
England,E12000005,E07000218,North Warwickshire,NORWA_c4e24a466bb3,c0e9a903c440,NORWA_32
England,E12000005,E07000218,North Warwickshire,NORWA_970fbdff4b94,3b007bbfbfe6,NORWA_33
England,E12000005,E07000218,North Warwickshire,NORWA_7072c2354138,53ec42de9873,NORWA_34
England,E12000005,E07000218,North Warwickshire,NORWA_27c7ad5b5f9b,f1d7baef53ff,NORWA_35
England,E12000005,E07000218,North Warwickshire,NORWA_e3febad60838,facb92e39a7b,NORWA_36
England,E12000005,E07000218,North Warwickshire,NORWA_35bd21257504,2c37b7815806,NORWA_37
England,E12000005,E07000218,North Warwickshire,NORWA_21d2acef11af,0d3067a56d8c,NORWA_38
England,E12000005,E07000218,North Warwickshire,NORWA_7591d93cd281,05a2c4143951,NORWA_39
England,E12000005,E07000218,North Warwickshire,NORWA_edac19b3e3d5,ab449d318419,NORWA_40
England,E12000005,E07000218,North Warwickshire,NORWA_d1ef874697f6,09085a1cb0c6,NORWA_41
England,E12000005,E07000218,North Warwickshire,NORWA_b5053bbb4b70,f0928a20ead5,NORWA_42
England,E12000005,E07000218,North Warwickshire,NORWA_5fb0f20782aa,62ecb6f38c9a,NORWA_43
England,E12000005,E07000218,North Warwickshire,NORWA_0c3cdc60deae,99b8605a9983,NORWA_44
England,E12000005,E07000218,North Warwickshire,NORWA_7e3dd6ecd7ce,97b8b3f824c0,NORWA_45
England,E12000005,E07000218,North Warwickshire,NORWA_3ce4d87499dd,7178c096720d,NORWA_46
England,E12000005,E07000218,North Warwickshire,NORWA_648144842c55,31f6c476b244,NORWA_47
England,E12000005,E07000218,North Warwickshire,NORWA_26c442d2d746,8237807a82f5,NORWA_48
England,E12000005,E07000218,North Warwickshire,NORWA_f52d97bfff54,6db30f636eb0,NORWA_49
England,E12000005,E07000218,North Warwickshire,NORWA_b9a0431f55de,2c7bf98a0b6d,NORWA_50
England,E12000005,E07000218,North Warwickshire,NORWA_ce4b5b297131,c5548beca972,NORWA_51
